{
  "parent": "minecraft:recipes/root",
  "rewards": {
    "recipes": [
      "minecraft:blue_ice"
    ]
  },
  "criteria": {
    "has_at_least_4_packed_ice": {
      "trigger": "minecraft:inventory_changed",
      "conditions": {
        "items": [
          {
            "item": "minecraft:packed_ice",
            "count": {
              "min": 4
            }
          }
        ]
      }
    },
    "has_the_recipe": {
      "trigger": "minecraft:recipe_unlocked",
      "conditions": {
        "recipe": "minecraft:blue_ice"
      }
    }
  },
  "requirements": [
    [
      "has_at_least_4_packed_ice",
      "has_the_recipe"
    ]
  ]
}
