{
  "parent": "minecraft:recipes/root",
  "rewards": {
    "recipes": [
      "cheaper_ice:packed_ice_from_blue_ice"
    ]
  },
  "criteria": {
    "has_blue_ice": {
      "trigger": "minecraft:inventory_changed",
      "conditions": {
        "items": [
          {
            "item": "minecraft:blue_ice"
          }
        ]
      }
    },
    "has_the_recipe": {
      "trigger": "minecraft:recipe_unlocked",
      "conditions": {
        "recipe": "cheaper_ice:packed_ice_from_blue_ice"
      }
    }
  },
  "requirements": [
    [
      "has_blue_ice",
      "has_the_recipe"
    ]
  ]
}
